company,ticker,date,flag,jump_vs_SOXX,jump_vs_SPY,jump_vs_QQQ,drift5_vs_SOXX,drift5_vs_SPY,drift5_vs_QQQ,drift10_vs_SOXX,drift10_vs_SPY,drift10_vs_QQQ,drift20_vs_SOXX,drift20_vs_SPY,drift20_vs_QQQ
AMD,AMD,2026-05-05,0,0.13614,0.17225,0.16537,0.01496,0.04566,0.02999,0.03564,0.05204,0.03717,0.0525,0.20991,0.17716
ASE Group,ASX,2026-04-29,1,0.00136,0.01686,0.01748,-0.00556,0.04347,0.02071,-0.02639,0.08119,0.0443,-0.01232,0.16832,0.11526
ASML,ASML,2026-04-15,0,-0.05805,-0.05033,-0.05269,-0.0814,-0.00474,-0.01216,-0.1145,-0.00204,-0.02039,-0.1801,0.05927,0.00171
Amazon Web Services,AMZN,2026-04-29,1,-0.01777,-0.00227,-0.00165,-0.04396,0.00507,-0.01768,-0.14049,-0.03291,-0.0698,-0.21222,-0.03157,-0.08463
Amkor Technology,AMKR,2026-04-27,0,-0.01966,-0.05147,-0.04628,-0.02537,0.058,0.03838,-0.14686,-0.00793,-0.04628,-0.27391,-0.04284,-0.09771
Amphenol,APH,2026-04-30,0,-0.04309,-0.03652,-0.04335,-0.2174,-0.12383,-0.15528,-0.2134,-0.14727,-0.17317,-0.19959,-0.02419,-0.07335
Analog Devices,ADI,2026-05-20,0,-0.04323,-0.03675,-0.03668,-0.00742,0.05862,0.04384,0.01888,0.05454,0.0608,,,
Apple,AAPL,2026-04-30,0,0.02305,0.02962,0.02279,-0.07007,0.0235,-0.00795,-0.01913,0.047,0.02111,-0.13355,0.04185,-0.00732
Applied Digital,APLD,2026-04-09,0,0.00594,0.02765,0.02554,0.12539,0.15553,0.13886,0.13806,0.28132,0.24564,0.22499,0.48523,0.40692
Applied Materials,AMAT,2026-05-14,0,0.03164,0.00309,0.00614,-0.06564,-0.01774,-0.02113,-0.07403,0.02446,0.00297,,,
Applied Optoelectronics,AAOI,2026-05-07,0,-0.1114,-0.06291,-0.07809,0.30074,0.276,0.28133,0.18581,0.20767,0.20967,0.22195,0.31809,0.31346
Arista,ANET,2026-05-05,1,-0.18607,-0.14996,-0.15683,-0.08557,-0.05487,-0.07054,-0.07119,-0.05479,-0.06966,-0.06024,0.09716,0.06441
Arm Holdings,ARM,2026-05-06,0,-0.07247,-0.09803,-0.0999,-0.0053,0.04853,0.03545,0.3324,0.38288,0.36995,0.51137,0.5995,0.5931
Astera Labs,ALAB,2026-05-05,0,-0.05826,-0.02215,-0.02903,0.00533,0.03603,0.02037,0.31741,0.33382,0.31895,0.48473,0.64214,0.60939
Broadcom,AVGO,2026-06-03,0,-0.10482,-0.12965,-0.12103,,,,,,,,,
Cadence,CDNS,2026-04-27,0,0.0033,-0.0285,-0.02331,-0.01328,0.07008,0.05047,-0.07554,0.06339,0.02504,-0.13572,0.09535,0.04048
Celestica,CLS,2026-04-28,0,0.01578,0.04164,0.03538,-0.02726,0.06787,0.04744,-0.1846,-0.05378,-0.09092,-0.33329,-0.12823,-0.17968
Cisco,CSCO,2026-05-14,0,0.06378,0.03523,0.03829,-0.03804,0.00986,0.00647,-0.0983,0.00019,-0.0213,,,
Coherent,COHR,2026-05-06,0,-0.0453,-0.07086,-0.07273,0.19214,0.24597,0.23289,0.11854,0.16902,0.15609,0.08479,0.17292,0.16652
Constellation Energy,CEG,2026-05-11,0,0.01116,-0.01881,-0.01184,-0.07347,-0.10475,-0.10271,-0.10824,-0.03187,-0.04663,,,
Core Scientific,CORZ,2026-05-06,0,-0.06354,-0.0891,-0.09097,0.03798,0.09181,0.07873,0.04431,0.09479,0.08186,0.05979,0.14792,0.14152
CoreWeave,CRWV,2026-05-08,1,-0.01913,0.00254,0.00192,-0.02605,-0.09441,-0.0849,-0.14688,-0.09208,-0.10063,-0.19682,-0.13863,
Corning,GLW,2026-04-28,0,-0.03323,-0.00736,-0.01363,0.06892,0.16406,0.14363,0.18551,0.31633,0.27919,-0.06097,0.14409,0.09264
Credo,CRDO,2026-06-01,0,-0.04503,0.01147,0.00822,0.09411,0.05288,,,,,,,
Dell,DELL,2026-05-28,1,0.32827,0.32509,0.3239,-0.0115,-0.03798,-0.01797,,,,,,
Eaton,ETN,2026-05-05,0,-0.02438,0.01173,0.00485,-0.07388,-0.04318,-0.05884,-0.12298,-0.10658,-0.12145,-0.19295,-0.03555,-0.0683
Fabrinet,FN,2026-05-04,1,-0.12481,-0.0881,-0.09305,-0.10803,-0.05904,-0.07673,-0.00263,0.01264,-0.00283,-0.17746,0.05585,0.00611
Flex,FLEX,2026-05-06,0,0.01586,-0.0097,-0.01157,0.00311,0.05694,0.04386,-0.08029,-0.02981,-0.04275,0.04588,0.13401,0.12761
GE Vernova,GEV,2026-04-22,0,-0.00189,0.02337,0.02512,-0.10382,-0.07189,-0.08253,-0.20685,-0.12303,-0.15719,-0.28178,-0.14033,-0.18881
GlobalFoundries,GFS,2026-05-05,1,-0.07351,-0.0374,-0.04428,-0.00505,0.02565,0.00998,-0.0474,-0.031,-0.04586,-0.01759,0.13981,0.10706
Google,GOOGL,2026-04-29,0,0.07417,0.08967,0.09029,-0.03273,0.0163,-0.00646,-0.10636,0.00122,-0.03567,-0.24486,-0.06422,-0.11728
HPE,HPE,2026-06-01,0,0.13682,0.19332,0.19008,-0.06946,-0.11069,,,,,,,
IREN,IREN,2026-05-07,1,0.01977,0.06826,0.05308,-0.11233,-0.13707,-0.13173,-0.10414,-0.08228,-0.08028,-0.13115,-0.03501,-0.03965
Intel,INTC,2026-04-23,1,0.18929,0.22825,0.21687,0.19794,0.19753,0.19146,0.38628,0.48028,0.44212,0.28784,0.4075,0.37107
Jabil,JBL,2026-03-18,1,0.02002,0.02813,0.02883,0.02899,0.01525,0.02684,0.01395,0.01551,0.02453,-0.00945,0.13327,0.11698
KLA,KLAC,2026-04-29,0,-0.06171,-0.04621,-0.04559,-0.05964,-0.01061,-0.03336,-0.06718,0.0404,0.00351,-0.13397,0.04668,-0.00638
Lam Research,LRCX,2026-04-22,0,-0.0477,-0.02244,-0.02069,-0.04906,-0.01712,-0.02776,-0.00833,0.07549,0.04133,-0.02088,0.12056,0.07209
Linde,LIN,2026-05-01,0,-0.02037,-0.02463,-0.02641,-0.13103,-0.00767,-0.03807,-0.0381,0.00633,-0.01397,-0.30462,-0.0531,-0.10412
Lumen Technologies,LUMN,2026-05-06,0,-0.10899,-0.13455,-0.13642,0.14571,0.19955,0.18646,0.05014,0.10061,0.08768,-0.0431,0.04503,0.03863
Lumentum,LITE,2026-05-05,1,-0.10056,-0.06445,-0.07133,0.04891,0.07961,0.06395,-0.10722,-0.09082,-0.10569,-0.18825,-0.03085,-0.0636
MACOM,MTSI,2026-05-07,0,-0.01201,0.03648,0.02129,0.06632,0.04158,0.04692,0.03979,0.06165,0.06365,-0.09281,0.00333,-0.0013
Marvell,MRVL,2026-05-27,0,0.02112,0.02533,0.02242,0.48645,0.54154,0.53803,,,,,,
Meta,META,2026-04-29,0,-0.11095,-0.09545,-0.09483,-0.059,-0.00997,-0.03273,-0.13799,-0.03041,-0.06729,-0.1996,-0.01896,-0.07202
Micron,MU,2026-03-18,1,-0.04346,-0.03535,-0.03465,-0.16654,-0.18028,-0.16869,-0.17356,-0.17199,-0.16298,-0.19722,-0.0545,-0.07078
Microsoft,MSFT,2026-04-29,0,-0.06474,-0.04925,-0.04862,-0.03515,0.01388,-0.00888,-0.1446,-0.03702,-0.0739,-0.12675,0.05389,0.00083
Modine,MOD,2026-02-05,0,-0.00279,0.03147,0.02951,-0.01403,0.01646,0.0163,0.00759,0.04335,0.04495,-0.03308,-0.05003,-0.06481
Monolithic Power Systems,MPWR,2026-04-30,0,-0.0285,-0.02193,-0.02876,-0.10616,-0.01258,-0.04404,-0.11296,-0.04683,-0.07272,-0.25393,-0.07853,-0.12769
NVIDIA,NVDA,2026-05-20,0,-0.02618,-0.0197,-0.01963,-0.12269,-0.05666,-0.07144,-0.09326,-0.0576,-0.05133,,,
Navitas,NVTS,2026-05-05,0,-0.09958,-0.06347,-0.07035,0.22693,0.25763,0.24196,0.35178,0.36819,0.35332,0.64963,0.80703,0.77428
Nebius,NBIS,2026-05-13,1,0.06367,0.05907,0.05986,0.00452,0.00177,0.00182,-0.02873,0.03384,0.01922,,,
Onto Innovation,ONTO,2026-05-05,0,-0.08591,-0.0498,-0.05668,-0.10034,-0.06964,-0.08531,-0.1317,-0.1153,-0.13017,-0.2547,-0.0973,-0.13005
Oracle,ORCL,2026-03-10,1,0.08215,0.09309,0.09197,-0.05215,-0.04062,-0.04161,-0.11469,-0.07864,-0.07335,-0.2594,-0.15994,-0.15728
Power Integrations,POWI,2026-05-07,0,-0.03656,0.01193,-0.00325,0.02209,-0.00265,0.00269,-0.06589,-0.04403,-0.04203,-0.04932,0.04682,0.04218
Qualcomm,QCOM,2026-04-29,0,0.12571,0.1412,0.14183,0.0609,0.10993,0.08718,-0.03449,0.07309,0.03621,0.16455,0.34519,0.29213
Rambus,RMBS,2026-04-27,0,-0.17591,-0.20772,-0.20253,-0.03986,0.04351,0.02389,-0.00531,0.13362,0.09528,0.05049,0.28155,0.22668
Sandisk,SNDK,2026-04-30,0,0.07319,0.07976,0.07293,0.19909,0.29266,0.26121,0.09402,0.16016,0.13426,0.25596,0.43136,0.38219
Seagate,STX,2026-04-28,1,0.08528,0.11115,0.10488,0.09608,0.19121,0.17078,0.09655,0.22737,0.19023,0.10355,0.30861,0.25717
Silicon Motion,SIMO,2026-04-29,0,-0.01956,-0.00406,-0.00344,0.04464,0.09367,0.07091,0.05983,0.16741,0.13052,0.03484,0.21548,0.16242
Supermicro,SMCI,2026-05-05,0,0.19541,0.23152,0.22464,-0.119,-0.0883,-0.10397,-0.06114,-0.04473,-0.0596,0.16404,0.32145,0.2887
Synopsys,SNPS,2026-05-27,0,-0.09583,-0.09161,-0.09453,-0.02959,0.0255,0.02198,,,,,,
TSMC,TSM,2026-04-16,1,-0.00436,0.00759,0.00659,-0.02413,0.08091,0.0631,-0.04704,0.05853,0.03434,-0.13189,0.05048,-0.00123
TTM Technologies,TTMI,2026-04-29,0,0.12525,0.14074,0.14136,-0.09513,-0.0461,-0.06886,-0.06237,0.04521,0.00832,-0.1353,0.04534,-0.00772
Teradyne,TER,2026-04-29,0,0.0958,0.11129,0.11192,-0.03603,0.013,-0.00976,-0.11056,-0.00298,-0.03987,-0.14307,0.03758,-0.01548
Texas Instruments,TXN,2026-04-22,0,0.17294,0.1982,0.19995,-0.05042,-0.01849,-0.02913,-0.10066,-0.01685,-0.05101,-0.12719,0.01426,-0.03422
Vertiv,VRT,2026-04-22,0,0.03306,0.05831,0.06007,-0.0254,0.00654,-0.00411,-0.05971,0.0241,-0.01006,-0.18469,-0.04324,-0.09172
Vicor,VICR,2026-04-21,1,0.04987,0.06606,0.05946,-0.07352,-0.03184,-0.04118,-0.11605,0.02608,-0.00418,-0.20808,-0.04526,-0.09161
Vishay,VSH,2026-05-13,0,-0.01654,-0.02114,-0.02035,0.12007,0.11731,0.11736,0.29642,0.35899,0.34437,,,
Western Digital,WDC,2026-04-30,0,-0.01624,-0.00967,-0.0165,-0.00478,0.0888,0.05734,0.0252,0.09133,0.06544,0.03778,0.21318,0.16402
Wolfspeed,WOLF,2026-05-05,0,0.12608,0.16219,0.15531,0.41085,0.44155,0.42589,0.33421,0.35061,0.33574,0.36754,0.52494,0.49219
nVent,NVT,2026-05-01,0,0.03165,0.02739,0.02561,-0.08724,0.03612,0.00571,-0.08547,-0.04104,-0.06134,-0.24363,0.00789,-0.04314
onsemi,ON,2026-05-04,0,-0.03856,-0.00185,-0.0068,-0.05487,-0.00588,-0.02358,0.00361,0.01887,0.0034,0.02906,0.26237,0.21263
